"","ActivityLabel","mean"
"1",1,-0.269546777499519
"2",2,-0.30138703783809
"3",3,-0.156749740681329
"4",4,-0.730000106937174
"5",5,-0.731122635501335
"6",6,-0.730492530100974
